x,m,m_prime,n,i,A,issue_year,generation,t,single_premium,annual_premium,reserve
30,1,10,60,0.02,1000.0,2015,1985,55,26588.88986383755,26588.88986383755,10563.128715076466
40,1,30,20,0.015,200.0,1996,1956,47,1883.2549727476546,1883.2549727476546,561.5465812259505
50,20,5,50,0.015,400.0,2006,1956,12,10360.316442637031,607.1084461687836,5210.979193270196
20,20,40,1,0.025,1000.0,1999,1979,26,352.239814203973,22.094972130462057,676.1583550810295
20,30,20,10,0.0,2000.0,2006,1986,27,19822.637012707415,663.8187481745009,4004.6759015274265
50,30,30,5,0.01,400.0,2007,1957,1,1225.5051051616215,48.91172037463927,49.48329641239229
40,1,30,40,0.025,1000.0,2003,1963,68,8121.876926523477,8121.876926523477,1680.429310021498
40,5,40,10,0.0,400.0,2018,1978,9,3457.1313537996984,692.2275406862499,3481.6624429802323
40,1,20,20,0.005,100.0,2010,1970,27,1623.5675366721757,1623.5675366721757,1225.5812348651416
50,30,10,50,0.025,200.0,2022,1972,17,3516.637372276327,168.66271959368817,2161.545233869114
30,30,20,5,0.02,100.0,2018,1988,0,312.8797265753306,13.794954726496258,0.0
50,30,30,40,0.01,800.0,1999,1949,55,6993.634002274635,280.2694060920164,2718.284444808891
40,10,10,30,0.0,50.0,1998,1958,4,1425.2817704996796,143.01676230154465,573.090484024126
40,20,10,30,0.0,400.0,2018,1978,12,11542.876698540515,582.4897245175147,6237.818940536319
50,1,5,20,0.025,100.0,1999,1949,10,1326.5541069182875,1326.5541069182875,1207.921644571344
60,40,0,5,0.02,50.0,2020,1960,1,234.41822435458883,9.80104810219995,-40.111044726235946
60,5,10,40,0.0,400.0,2008,1948,39,8955.688106360041,1802.3806424552722,1863.4972436604187
60,20,5,20,0.01,1000.0,2001,1941,4,15706.568519837903,901.8205572127699,3729.868210661685
30,1,0,1,0.02,1000.0,2015,1985,0,980.3921568627451,980.3921568627451,0.0
50,1,40,30,0.025,100.0,2007,1957,49,190.79711026301118,190.79711026301118,466.8896860830104
40,10,1,20,0.005,200.0,2014,1974,13,3738.6621189117186,383.51482598165387,1554.7668278661467
50,10,40,1,0.01,50.0,2002,1952,40,21.433472599530077,2.260652688385112,49.504950495049506
30,40,10,40,0.01,100.0,2017,1987,49,2892.8682417336718,88.41146072276402,99.00990099009901
30,30,1,40,0.02,400.0,2016,1986,11,10586.851735274466,466.8230418880605,1418.5432787950758
20,1,10,60,0.0,400.0,2015,1995,14,23125.707118848153,23125.707118848153,21607.68115358279
50,5,30,30,0.015,100.0,2006,1956,52,767.0258384215388,158.56475059296196,384.45349065211906
20,30,10,40,0.015,400.0,2001,1981,31,10146.832891428254,418.03966961663656,6473.907537278463
20,20,0,40,0.015,50.0,2017,1997,17,1485.5936165177234,85.44689564636278,707.124294456263
50,1,1,20,0.005,200.0,2013,1963,3,3693.6045097497263,3693.6045097497263,3366.3306031542065
50,1,1,30,0.02,100.0,2000,1950,29,2100.064841777797,2100.064841777797,192.84374791104432
60,20,10,10,0.015,800.0,2000,1940,0,5870.707650243537,352.3595380452936,0.0
30,10,20,20,0.01,2000.0,1995,1965,23,28654.501526296383,2999.002915074144,30574.82889246346
40,10,30,10,0.025,200.0,2009,1969,21,773.0125493817164,86.43586331790463,1338.2337647723705
40,1,5,30,0.005,50.0,2013,1973,24,1318.2832790532386,1318.2832790532386,526.0868895355915
20,5,1,40,0.02,1000.0,2023,2003,32,26637.221395992583,5543.04702893919,8125.727922537381
30,1,20,60,0.025,100.0,1998,1968,3,1570.6984821928868,1570.6984821928868,1692.9950041727036
20,20,10,10,0.005,1000.0,2006,1986,16,9221.20309107961,484.41552526612634,2026.098791621392
60,5,1,60,0.015,200.0,2012,1952,31,4867.565695549561,1008.6656396989085,1463.0543451376377
60,5,40,60,0.005,100.0,2009,1949,4,73.47973116076616,14.934836356331742,60.96860798535063
60,40,1,60,0.0,400.0,2006,1946,19,12392.766371409558,397.72110257568914,404.87308606868646
20,30,5,40,0.01,200.0,2021,2001,4,6184.998807336594,238.26620003936478,977.7142270529666
50,30,5,10,0.0,2000.0,2024,1974,3,19662.562125976263,677.1620096900511,2037.7994918668337
20,1,0,50,0.025,100.0,2016,1996,9,2810.1836879218517,2810.1836879218517,2520.4955346016236
30,20,30,50,0.0,100.0,2000,1970,25,3435.88875986065,172.50905223456,3507.806303912351
60,30,5,60,0.01,400.0,2005,1945,9,8787.818355685575,372.8773950619704,1959.7800919429956
60,1,5,30,0.025,800.0,2017,1957,20,12970.150199084086,12970.150199084086,8437.189590140928
60,5,0,20,0.015,800.0,2001,1941,20,13138.551617565732,2724.261738241916,0.0
40,5,40,60,0.01,50.0,2011,1971,56,478.95822058212383,97.82274457319843,329.60955806374596
20,20,30,1,0.02,50.0,2016,1996,13,26.710829450626726,1.6051387829640062,24.0808860322988
20,40,1,30,0.005,2000.0,2016,1996,25,55048.77149249182,1525.8482246102603,-10184.292163149665
40,10,20,50,0.025,50.0,2013,1973,7,682.9006862723544,76.35535618056701,592.6311509614205
30,30,1,50,0.01,100.0,2002,1972,27,3776.6506682633617,146.14763465051638,1625.4807690807804
50,20,40,50,0.02,800.0,2000,1950,37,1700.3640692468443,104.17998559340027,4850.31662090524
20,10,40,20,0.0,800.0,2024,2004,52,15391.823924677097,1540.823776182933,6350.774653058227
30,10,10,5,0.005,100.0,2025,1995,11,466.5640864216532,47.774651332922744,394.7149719100587
60,30,40,1,0.025,50.0,2007,1947,24,3.4457915985203487,0.1750151514652489,6.818659838227116
30,1,1,50,0.005,200.0,2023,1993,7,8593.744093595426,8593.744093595426,7701.672388725777
60,40,20,5,0.0,100.0,2010,1950,3,425.18154327209896,13.4493912846565,40.59781064019347
40,1,10,1,0.02,50.0,1997,1957,2,39.83737322604358,39.83737322604358,41.49579263444943
60,1,10,30,0.015,800.0,2018,1958,16,12901.267907603142,12901.267907603142,12455.076783171708
60,5,40,30,0.02,2000.0,2018,1958,60,1033.1507127952425,216.0748384838358,1960.7843137254902
40,1,10,5,0.025,100.0,1998,1958,3,358.3223437277343,358.3223437277343,386.5937279875685
40,40,20,1,0.025,1000.0,2018,1978,19,580.5241016336427,23.091255800441054,575.6971926681022
30,40,5,50,0.015,1000.0,2012,1982,35,31543.34232047515,1052.8314753429554,11571.094273137944
50,30,30,5,0.02,400.0,2001,1951,18,868.4844849217411,39.55644582867398,891.7797223091882
60,40,30,20,0.02,200.0,2014,1954,32,563.9457069329524,23.958061000904845,1222.7089238030999
30,5,0,5,0.01,400.0,1995,1965,2,1940.6637946097032,396.0396039603961,0.0
50,5,5,10,0.015,200.0,2016,1966,5,1680.7088223849028,347.3513340045113,1826.3965516186993
40,10,1,40,0.005,200.0,2018,1978,39,6981.10549103705,716.0841027617118,395.7068171315341
50,40,30,20,0.02,200.0,2006,1956,27,1190.1014807242022,45.64221698959544,1767.5271375739305
60,40,10,40,0.005,1000.0,2009,1949,27,20031.889673160687,689.4812258485786,3724.1388007318437
40,30,10,50,0.025,50.0,2024,1984,37,1018.3892499433963,48.13538796396544,746.094586535981
50,1,20,40,0.015,50.0,2008,1958,57,705.8272075400166,705.8272075400166,111.18969531968776
50,1,40,60,0.005,1000.0,2004,1954,59,4511.3839967534295,4511.3839967534295,2962.437936310172
50,20,0,1,0.015,800.0,1996,1946,0,788.1773399014779,46.272143753618145,0.0
20,20,0,30,0.01,400.0,2014,1994,16,10279.492320104038,565.336812083905,2958.1183521799476
50,30,40,50,0.015,400.0,1998,1948,54,1028.6730639611949,44.03443957491546,1394.7663319248413
20,40,30,1,0.02,50.0,2015,1995,2,26.70903454200001,0.9635331052855256,1.9859733503682762
40,20,30,20,0.025,1000.0,1997,1957,34,6415.73300531567,405.3790774916457,12000.58371792586
50,10,30,60,0.02,1000.0,2012,1962,24,6679.301485151537,734.9091255295633,11550.107739482664
50,10,10,10,0.005,100.0,2024,1974,3,899.8276909099742,92.69132235164676,281.7382472753385
20,20,40,60,0.01,1000.0,2012,1992,48,20693.85926547436,1138.0978660003962,26411.60772750877
20,10,20,60,0.0,1000.0,2020,2000,77,55154.25317881862,5521.32944350399,2790.4207885190103
50,30,10,10,0.025,400.0,2001,1951,9,2635.5386945550754,127.6399120750656,1318.5449027257278
20,5,10,60,0.02,1000.0,2009,1989,7,27694.653384843157,5763.16024709096,31866.71272865292
30,40,0,60,0.02,100.0,2018,1988,51,3382.896334957143,122.69837971949232,786.7631254813479
50,1,20,60,0.025,50.0,1998,1948,19,486.8865837290212,486.8865837290212,823.7653251734562
30,20,40,1,0.0,50.0,1995,1965,2,46.971999999999994,2.3579102084580974,4.717235587592462
60,20,40,50,0.025,100.0,2000,1940,77,22.503222845585405,1.4699388830355578,97.56097560975611
60,30,30,50,0.01,50.0,2006,1946,16,176.04432842270577,7.45724230096527,137.43286209993477
20,1,20,30,0.015,1000.0,2009,1989,32,17478.244286606754,17478.244286606754,15475.624076144548
20,5,0,40,0.015,2000.0,2016,1996,25,59421.381158417506,12246.468672408237,26505.378722460395
40,1,0,30,0.0,50.0,1997,1957,27,1467.344172086043,1467.344172086043,149.40412786466845
40,30,5,5,0.01,50.0,2017,1977,2,229.72651356319656,8.96252991105775,18.20979441594926
30,40,20,20,0.015,1000.0,1999,1969,26,12364.988138495855,413.42230113709724,7173.34977263162
60,20,10,5,0.005,2000.0,2009,1949,4,8912.318448451206,487.0159440589551,1988.1492818203806
40,20,10,40,0.005,800.0,2005,1965,47,25477.31492305053,1348.5360472144746,2305.136723842518
20,1,10,30,0.02,200.0,2022,2002,19,3641.9763209253324,3641.9763209253324,3379.4291603768365
50,10,30,30,0.01,800.0,2024,1974,25,8687.124363344332,914.7258211047352,11873.608834675488
20,10,30,5,0.025,800.0,2011,1991,11,1743.9863331361025,194.60822116773733,2294.5597562015573
60,1,5,20,0.01,400.0,1995,1935,5,6258.848347158476,6258.848347158476,6674.424459871276
20,20,5,30,0.015,800.0,2009,1989,23,17717.4292812106,1019.0944179130306,8684.551001193064
40,20,20,10,0.005,1000.0,2002,1962,17,8440.10778727867,446.8340128884363,8064.461484647104
20,10,10,40,0.015,200.0,2024,2004,26,5088.286150264079,544.1539947548562,3960.3219269695883
60,30,10,60,0.0,2000.0,2020,1960,35,48376.99957659062,1751.2701361914978,13437.429206695475
50,20,1,50,0.005,200.0,2008,1958,43,7314.434262555413,391.59066818141747,1121.939841052727
30,10,0,1,0.0,50.0,2021,1991,1,50.0,5.006853744216054,-45.005350054595596
60,1,0,10,0.015,200.0,2007,1947,1,1817.0403225360567,1817.0403225360567,1649.437893591802
50,5,0,40,0.025,50.0,2005,1955,33,1176.1979269036524,247.86609375394622,294.9988354615144
50,40,5,10,0.02,100.0,1998,1948,9,796.0312965095671,30.80158391213051,-104.65628169875606
40,30,5,10,0.02,800.0,1995,1955,11,6453.175653658312,287.84022211996967,-1472.6462588019913
50,10,40,40,0.01,50.0,2014,1964,16,211.0179085892464,22.237993434882192,256.6283154475655
50,20,10,5,0.02,100.0,2005,1955,13,376.03197854835855,23.01770335420861,43.414690826360214
60,40,40,30,0.005,1000.0,2018,1958,70,992.8710295039044,33.169082904474536,0.0
50,1,10,20,0.025,200.0,2001,1951,2,2293.692789240847,2293.692789240847,2418.3994677031997
60,30,0,20,0.01,400.0,2023,1963,3,6987.054515594355,287.9983795029807,-332.39471288408186
30,5,1,60,0.025,50.0,2012,1982,14,1464.135641237963,307.6373761273588,1321.2656042517447
20,5,1,20,0.025,800.0,2016,1996,10,12136.80588276152,2549.867800702076,7600.317052487273
20,1,1,5,0.025,1000.0,2020,2000,4,4529.367735241299,4529.367735241299,1927.203722833103
40,20,5,40,0.02,1000.0,2012,1972,2,23812.548437852427,1440.4265007954905,2970.3711781894926
50,10,30,30,0.025,200.0,2023,1973,51,1194.730890862818,134.13038281908803,884.0491360843259
30,10,10,50,0.02,1000.0,2003,1973,30,24617.219573028255,2690.5339980498447,21225.740889749264
40,40,5,30,0.0,1000.0,2003,1963,12,29048.435134023926,753.2995908619155,2072.1096218264756
30,5,1,1,0.015,2000.0,2014,1984,1,1940.7779080347782,400.0259322872613,406.14046292530816
40,5,0,30,0.015,50.0,2004,1964,8,1178.712661784851,243.10682280700317,913.0292160540771
20,30,10,40,0.02,2000.0,2018,1998,31,44291.171639182794,1946.4014197648883,31010.65538053658
60,10,40,50,0.015,2000.0,2008,1948,65,919.3074440596986,99.67647624428977,1970.4433497536947
40,30,30,20,0.015,400.0,2024,1984,33,4015.280169220119,167.2047652649209,5699.970142714369
40,40,0,60,0.0,200.0,2019,1979,44,10724.98842289649,276.1114827363587,2543.5304355791695
60,30,20,10,0.0,50.0,2000,1940,1,379.4056931219074,14.237236582691088,14.284214144108546
40,30,40,20,0.025,2000.0,2020,1980,28,8867.603666923687,419.4114297753992,17639.514645755942
30,40,1,20,0.0,1000.0,2013,1983,1,19909.80348862884,505.5205903443692,505.65761392549393
30,20,10,50,0.005,2000.0,2006,1976,50,79590.69441956269,4187.494011263157,18462.315068706153
30,1,0,10,0.025,50.0,2003,1973,1,437.0040449014185,437.0040449014185,398.0408017784827
50,30,5,50,0.01,50.0,2022,1972,13,1529.747900234015,60.57185788988431,439.0426911174933
20,20,1,50,0.01,50.0,2024,2004,26,1918.586836186513,105.51015002668915,1087.6085294723414
30,30,10,1,0.02,200.0,2015,1985,10,160.2971753128898,7.068623753147672,79.11457446906037
50,30,1,5,0.01,1000.0,2008,1958,2,4779.711548658636,190.6645836686921,-613.6834630329713
50,40,40,10,0.02,800.0,2006,1956,20,1570.3780688162328,60.22640735561159,1547.4284641954428
20,5,10,60,0.025,100.0,2014,1994,6,2355.108523908964,494.79780256703515,2735.152424241323
50,10,10,40,0.01,1000.0,2009,1959,50,24325.83324033436,2564.5606732021024,0.0
20,1,5,5,0.015,50.0,2000,1980,4,221.59170346641116,221.59170346641116,235.4202468070357
60,20,40,10,0.01,200.0,2021,1961,48,166.55886476423743,9.451980912441897,342.19543138283734
60,30,10,30,0.025,100.0,2002,1942,36,1214.5209891737177,62.13358155411235,303.9842752861228
30,5,10,10,0.025,2000.0,2001,1971,11,13583.278276791434,2854.0905359772487,15895.383145352513
60,5,5,10,0.005,100.0,2002,1942,13,911.855055861297,185.40411387404512,197.672787782076
20,5,0,30,0.005,1000.0,2011,1991,24,27671.72728321112,5592.364038820876,5884.832440795245
50,10,40,20,0.025,2000.0,2011,1961,41,4033.7317555478867,453.28876353045354,14702.562028039636
30,30,20,60,0.005,1000.0,2006,1976,14,36167.328563909774,1306.1655378800328,19059.46985406296
20,20,5,1,0.01,800.0,2001,1981,6,752.7083806650907,41.39904339236973,-542.7403245465833
50,20,40,20,0.0,50.0,2023,1973,58,378.14173292227827,19.252719110057804,88.2394168769274
50,1,5,1,0.0,100.0,2010,1960,0,99.08598236673946,99.08598236673946,0.0
60,1,20,20,0.02,50.0,2022,1962,28,386.41159403569014,386.41159403569014,391.1553809842714
40,5,40,10,0.01,200.0,1998,1958,21,1020.6702033001317,208.47543398083064,1300.982660437987
20,1,5,1,0.01,2000.0,1995,1975,0,1882.2063800379046,1882.2063800379046,0.0
20,20,1,20,0.0,200.0,2004,1984,9,3988.7965558670408,199.94027903241997,199.91137695948464
40,30,10,50,0.015,100.0,1998,1958,19,2596.728604210106,108.63433461893682,1482.5733317902445
40,5,40,20,0.025,800.0,2002,1962,13,3188.2171885896823,670.3220530659293,4458.232805342699
50,5,1,60,0.01,50.0,2007,1957,28,1661.7191029070323,340.1832175006212,792.9620315232243
60,30,1,5,0.015,50.0,2001,1941,0,233.26430146419415,10.60732063964957,0.0
20,40,0,1,0.025,100.0,2019,1999,0,97.56097560975611,3.8148615727658166,0.0
30,20,20,50,0.01,50.0,2000,1970,60,1398.5515367041678,77.03906782036518,361.40766915929265
40,20,10,5,0.025,1000.0,2025,1985,13,3591.223792386253,226.49431515856634,458.51177086768644
30,5,1,60,0.015,400.0,2024,1994,37,15070.767209341304,3106.289719420736,7706.6485372106545
60,40,0,10,0.02,1000.0,1995,1935,3,8863.507064048114,395.20072691650654,-1837.4372113231648
40,30,0,30,0.005,100.0,2008,1968,12,2726.6461375149634,99.50248756218905,0.0
50,5,30,1,0.025,50.0,2016,1966,11,20.806615244699238,4.383395113321349,27.914666276723317
30,1,20,5,0.015,1000.0,2020,1990,18,3503.245692057176,3503.245692057176,4621.096631386223
30,30,30,10,0.0,2000.0,1995,1965,24,19127.079999999994,643.6299676520678,15657.386552769927
50,20,0,60,0.005,50.0,2023,1973,1,2004.3722850311888,106.92027710500483,57.539488520502346
40,40,20,30,0.01,50.0,2010,1970,45,966.9197392254429,30.050833013719735,232.40290584530706
20,40,5,30,0.0,800.0,1996,1976,9,23817.816000000006,600.8317060366924,2212.339995849379
50,1,10,30,0.0,200.0,2002,1952,27,5325.591791938942,5325.591791938942,2348.3065512978987
60,40,1,1,0.0,800.0,1995,1935,0,800.0,26.60298798110257,0.0
60,40,30,10,0.015,800.0,1996,1936,22,1731.0058053931052,72.06676385189468,2195.1118825329922
40,10,30,40,0.015,1000.0,2017,1977,40,13289.8257090623,1424.0718449437002,15539.149097310557
30,30,30,60,0.0,200.0,2023,1993,46,7587.237035102175,254.94858954614725,4777.137198108786
60,1,0,50,0.01,400.0,2005,1945,20,10710.826090865168,10710.826090865168,5327.665136309632
60,1,30,60,0.015,200.0,1995,1935,62,485.14148158769206,485.14148158769206,197.04433497536948
40,1,5,60,0.005,100.0,2014,1974,13,4235.20039303786,4235.20039303786,3759.40182560981
60,40,40,60,0.005,100.0,2002,1942,47,57.18341171128165,2.01535628922642,295.1877269424305
60,30,20,60,0.015,200.0,2004,1944,41,1633.0424076142067,73.90852907988013,785.8413891066295
20,30,20,40,0.015,1000.0,2024,2004,34,21702.749786124295,893.8625404252927,21053.92706677119
40,1,30,60,0.02,2000.0,2021,1981,72,21897.407842629615,21897.407842629615,6004.76187843916
40,1,0,5,0.01,1000.0,2006,1966,0,4847.5896717028145,4847.5896717028145,0.0
30,40,40,20,0.02,1000.0,2023,1993,54,6852.966072986704,248.41282705331147,5447.6927533243415
50,10,20,10,0.01,800.0,2010,1960,18,5733.993271354048,604.462602767278,7177.959058091185
30,10,0,30,0.015,2000.0,2008,1978,14,47649.090460782994,5097.447124542828,28025.556316717364
20,5,5,20,0.01,200.0,2017,1997,3,3420.5578262413574,698.1185088014756,2137.529653771502
50,5,1,1,0.01,1000.0,2011,1961,2,978.6997666984239,200.33681683145133,-593.9738128479778
30,5,10,5,0.025,100.0,2007,1977,8,361.2404951947853,75.90243599184882,441.30033310843083
20,40,1,40,0.02,400.0,2021,2001,4,10654.018355917038,384.2619972489907,391.6747237924901
30,5,0,10,0.005,1000.0,2000,1970,9,9716.445240027382,1963.8718188263902,995.0248756218907
50,40,0,60,0.015,2000.0,2002,1952,58,60908.52262825237,2165.4186813354113,3350.3716331979654
40,1,5,5,0.025,200.0,1998,1958,6,816.7103353093884,816.7103353093884,751.1842590296637
40,1,30,50,0.02,800.0,2004,1964,43,8068.1435022236865,8068.1435022236865,9655.215388212588
30,20,10,40,0.02,200.0,2020,1990,18,4381.861646983667,263.64963932597226,4070.134499198117
50,40,5,1,0.005,2000.0,2016,1966,0,1924.24885871445,56.61200194603594,0.0
30,5,1,50,0.015,100.0,2013,1983,21,3373.2617531030974,695.2800013330151,2338.7016545994657
40,40,30,10,0.015,400.0,2015,1975,10,2201.2733208556133,74.46486853404954,813.3405665472483
20,30,5,30,0.005,400.0,2006,1986,19,10767.368641565565,387.2015298303954,1960.4464050392598
30,20,30,20,0.01,50.0,2002,1972,6,631.6098578763655,34.79125805229375,216.42666450755559
20,40,0,20,0.025,2000.0,1995,1975,3,31113.0177919974,1217.3395646639494,-2314.537213336309
30,20,40,5,0.0,100.0,2021,1991,1,476.2551345271211,23.903742237277196,23.910225812785313
30,1,1,60,0.0,200.0,2022,1992,37,11535.229715341813,11535.229715341813,4590.073774591531
20,10,40,20,0.015,400.0,2013,1993,11,3620.9557072152675,387.24311402540155,4277.0024195162205
60,40,0,50,0.02,1000.0,2003,1943,23,22690.318032486597,993.6453854756778,453.9311636659968
60,1,30,60,0.02,200.0,2010,1950,4,530.2931118344828,530.2931118344828,581.155544278481
50,30,30,5,0.005,2000.0,2009,1959,15,7262.221079125577,270.54687189339944,4314.411063364425
30,20,30,1,0.015,2000.0,2000,1970,8,1221.8602637839288,70.38905402084745,603.4707432708215
60,1,5,20,0.02,50.0,2005,1945,3,683.062093146194,683.062093146194,731.8969892613144
50,20,10,20,0.0,2000.0,2013,1963,9,37879.472959844556,1933.413395110033,17587.267330134462
40,30,30,20,0.005,800.0,2013,1973,30,11658.283179797396,425.0226545979871,14275.523849850333
20,10,20,60,0.015,200.0,2010,1990,14,5429.844833827418,580.6967127769858,6712.583667132371
20,30,40,50,0.015,50.0,2025,2005,40,795.3917026198556,32.75909500597436,1477.4838341273005
30,40,30,40,0.005,2000.0,2006,1976,37,52484.52365511999,1466.7244663897202,47341.08573720137
50,20,1,10,0.01,2000.0,2015,1965,4,18568.654005856537,1038.6771433114934,-1803.580978980146
50,30,5,20,0.025,400.0,1995,1945,18,5308.526592771104,257.3026473255261,-111.50917303203187
40,20,30,60,0.005,200.0,1996,1956,58,3670.5713233375795,194.4013487306423,1064.2874226722847
40,10,20,20,0.01,400.0,1999,1959,5,5540.102856399333,581.0796954339654,3000.5460204186343
60,1,5,40,0.0,800.0,2016,1956,30,22535.23208057292,22535.23208057292,6685.240945643629
30,1,40,10,0.02,100.0,1995,1965,39,373.5721490833033,373.5721490833033,857.4970896338988
60,40,30,5,0.025,800.0,1996,1936,4,842.3228528733954,40.17086149875791,172.5031141211748
60,5,30,5,0.005,100.0,2000,1940,24,211.29672686157602,42.966330376744835,304.7602574123873
60,40,30,5,0.025,400.0,2009,1949,25,494.0580421094729,22.798886364165277,952.3091107389287
50,40,20,30,0.02,100.0,2001,1951,31,1125.0519694728237,43.387782662931166,814.2504920086969
20,5,30,60,0.015,200.0,2005,1985,62,4169.2919935564,859.2867096153665,2971.3465741812547
40,1,10,20,0.02,2000.0,2024,1984,18,26237.315502181922,26237.315502181922,20939.08141194016
30,10,1,60,0.025,1000.0,2001,1971,19,29124.78000193594,3251.0796342879426,24522.961704084704
60,20,20,20,0.01,800.0,2019,1959,13,8020.123919244445,455.6709439528084,6548.935251205011
60,5,5,60,0.025,2000.0,2001,1941,55,32657.400555663637,6902.424104252857,3946.7090875441795
60,40,0,40,0.025,1000.0,1998,1938,31,20556.796949956424,975.6097560975614,-2.7284841053187847e-12
20,10,20,20,0.02,100.0,2011,1991,26,1085.808255951247,118.63377699713644,1202.284331905495
50,5,5,10,0.01,800.0,2003,1953,6,7057.7899539526925,1444.9874088473812,6779.400835837394
30,5,20,50,0.005,2000.0,2010,1980,11,70366.43083282477,14222.166269249852,74634.330049027
40,20,40,60,0.005,2000.0,2012,1972,7,24828.23128872725,1313.4955492903075,9410.695536629843
60,1,20,50,0.005,100.0,2007,1947,62,1121.1725566131224,1121.1725566131224,99.50248756218907
30,20,10,1,0.02,1000.0,2010,1980,2,801.4468677213262,48.22865322462302,99.41235263538204
20,10,10,30,0.005,400.0,2000,1980,28,10460.496058013056,1070.867708856485,4612.2161123781625
20,1,20,40,0.0,2000.0,2001,1981,19,77284.93644279851,77284.93644279851,77715.87020411452
30,10,1,20,0.005,50.0,2003,1973,14,940.2982280964557,96.2913895936269,342.1575299257073
50,10,5,50,0.02,1000.0,2022,1972,45,24099.73552664365,2649.5304127444683,5846.944025333473
60,10,5,10,0.005,1000.0,2015,1955,12,9173.384898155688,951.213679411977,2952.0269499076558
20,10,1,60,0.005,100.0,2010,1990,54,5040.827538077033,516.030123633834,678.9246751869543
60,1,5,5,0.005,400.0,2000,1940,0,1872.1552156323394,1872.1552156323394,0.0
40,1,1,1,0.0,400.0,2020,1980,2,399.7946053704655,399.7946053704655,0.0
20,1,5,40,0.02,1000.0,2002,1982,7,24515.112221276824,24515.112221276824,26188.22663073271
20,1,0,50,0.005,1000.0,2009,1989,27,43574.51149399679,43574.51149399679,21356.70056955395
40,30,0,1,0.01,200.0,2009,1969,1,198.01980198019803,7.737307764699755,-192.28768614071265
40,5,5,50,0.005,400.0,2009,1969,42,15729.16816606515,3181.0865316133336,4381.641805876343
50,10,5,10,0.01,100.0,2012,1962,3,883.7781707798044,93.15080632160718,286.0772679198577
50,30,40,1,0.02,50.0,2002,1952,7,14.310731151891906,0.6515017061151648,4.9840817048561785
20,5,0,50,0.0,200.0,2015,1995,50,9869.898158832088,1974.9149248427486,0.0
60,1,40,40,0.005,400.0,2023,1963,31,463.7094451351961,463.7094451351961,789.1022716043137
20,40,40,60,0.025,2000.0,2006,1986,19,17229.838438920575,674.0309871480546,16599.536888572748
50,5,10,40,0.025,200.0,1999,1949,37,3227.2287089148044,680.171875192774,1533.9189953011396
20,20,30,30,0.01,1000.0,2003,1983,43,18391.243321135884,1011.507191009156,15248.305877845885
40,1,10,1,0.025,800.0,2003,1963,5,604.1824594222132,604.1824594222132,685.9432432595329
20,5,10,30,0.015,800.0,2020,2000,2,16402.224702862728,3380.4150129814366,6916.1854027377085
30,1,0,5,0.015,2000.0,2017,1987,3,9559.975030856727,9559.975030856727,3911.1621462942117
50,5,30,60,0.0,400.0,2019,1969,43,6286.02176688758,1261.243112457557,3274.5115095281826
60,40,10,1,0.01,100.0,2007,1947,7,86.21130990963887,3.2275668762822036,23.863184722331454
40,5,5,40,0.0,100.0,2022,1982,4,3840.8338368580053,769.0357080205428,3081.0647351407424
50,40,1,10,0.01,200.0,1998,1948,0,1854.1169844399728,60.939191080150636,0.0
40,10,5,10,0.025,800.0,2005,1965,3,6135.437555313354,686.0870903118363,2165.6383969791013
60,40,0,60,0.02,50.0,2017,1957,6,1188.2456968992346,50.07405759261726,6.8591866934066275
20,1,10,30,0.01,50.0,1997,1977,34,1155.4813010164962,1155.4813010164962,288.522732959937
60,30,0,50,0.02,400.0,1995,1935,50,8886.491770922985,431.67830231676646,0.0
40,1,1,20,0.0,200.0,2006,1966,20,3953.9414256177606,3953.9414256177606,200.0
20,20,40,50,0.025,100.0,2018,1998,89,884.468772172892,55.474565575848885,97.56097560975611
30,10,10,20,0.005,2000.0,2024,1994,11,35727.20869606472,3658.382925324661,35886.559125604115
60,10,30,30,0.01,50.0,2013,1953,19,199.0820077419031,21.107506572767907,267.7573815432687
40,10,20,20,0.01,400.0,2018,1978,25,5628.638740713754,590.1948646263662,5428.3153457463095
30,40,30,60,0.02,200.0,2017,1987,29,2795.6127101631164,101.40874982786013,4083.82855499593
30,10,40,30,0.01,400.0,2000,1970,46,5450.5055211522795,570.5888536926832,6888.520684914081
40,1,5,5,0.015,1000.0,2024,1984,4,4418.009227381805,4418.009227381805,4700.33397489303
60,5,30,30,0.02,1000.0,2009,1949,15,2606.219826541528,545.3966945787294,3770.6621535337463
60,20,40,1,0.015,50.0,2023,1963,28,7.605121698831568,0.45053927285874795,14.78671853436613
60,20,0,1,0.01,1000.0,1995,1935,1,990.09900990099,56.834111393598924,-942.5975474924653
30,10,1,20,0.01,50.0,2010,1980,17,889.4296384881001,93.10692330343707,194.7939605316058
60,5,40,60,0.025,200.0,2020,1960,57,88.63273680270733,18.711728409608273,391.76931332902603
20,5,20,5,0.01,1000.0,1995,1975,12,3949.6809692456486,805.9727221827454,4463.498888971023
30,20,1,60,0.0,2000.0,2018,1988,53,115025.61270695488,5773.578116472065,15315.840319804563
60,5,40,30,0.025,2000.0,2010,1950,26,641.1434644971526,135.4468212128556,1576.8713199370347
20,1,5,50,0.015,400.0,1998,1978,31,12769.390032136153,12769.390032136153,7846.241934648192
50,40,30,30,0.025,200.0,2023,1973,22,1194.730890862818,48.688526423100335,1489.0929712595748
20,10,0,1,0.025,1000.0,1997,1977,1,975.6097560975611,108.86972871429278,-888.6218485083976
60,20,10,20,0.01,800.0,2010,1950,5,11357.660298621175,648.8102279495624,3375.4008523400717
40,10,40,30,0.025,100.0,2006,1966,9,438.97615203051276,49.087122835736565,503.2975862425746
40,5,10,10,0.005,50.0,2008,1968,19,455.1879333574715,92.05811359229837,49.75124378109454
20,10,1,50,0.01,2000.0,1998,1978,4,76514.02417020488,8007.363201551296,26795.4404427415
40,20,40,50,0.025,800.0,2002,1962,39,3411.309211483279,215.48096186154348,10070.274382649775
20,10,5,1,0.005,400.0,2003,1983,6,387.73309207139476,39.69280837174495,-157.5301174671005
40,40,20,1,0.005,800.0,2009,1969,6,700.6270044161017,19.90358670248345,121.85823207531939
40,40,5,1,0.005,2000.0,2017,1977,5,1934.7658012370327,54.7765431400331,278.599503674028
60,1,1,1,0.0,1000.0,2023,1963,0,997.4073729767696,997.4073729767696,0.0
50,20,0,60,0.025,400.0,2015,1965,24,10360.58613794819,660.2762728610195,6529.364027388017
50,10,40,1,0.005,2000.0,2000,1950,13,1031.5640285565878,106.45369793765488,1136.8163822745132
50,5,10,10,0.005,2000.0,1997,1947,1,17808.590888320174,3610.848513261424,3635.347374285009
50,40,5,60,0.015,50.0,2023,1973,52,1370.8719363631803,47.60180386068209,233.2077857626037
30,20,5,30,0.025,2000.0,1997,1967,34,36513.33062530057,2293.6868897805666,1951.2195121951222
40,30,30,20,0.01,400.0,2021,1981,19,4861.153567280226,189.51177549407188,4041.7347480144635
30,10,1,20,0.0,50.0,2016,1986,1,995.546308751782,99.69334126829348,99.72037009950861
40,30,30,20,0.005,2000.0,2020,1980,31,29584.551754279826,1077.0678292724638,34323.726588119986
20,1,5,5,0.025,100.0,2000,1980,10,409.9129201714005,409.9129201714005,0.0
60,5,5,30,0.015,2000.0,2021,1961,35,39060.04320908001,8089.071218579397,0.0
20,5,10,1,0.01,100.0,2023,2003,0,89.41597950926786,18.249311526396106,0.0
20,5,1,30,0.01,2000.0,1999,1979,17,50854.868217755604,10379.462614028957,25909.320529298497
50,20,30,5,0.015,1000.0,2021,1971,22,2712.22857458016,158.39307257157938,3969.884771721939
40,5,5,20,0.015,2000.0,2020,1980,9,31394.477845009445,6474.543128095777,27945.474737663826
30,30,0,30,0.01,100.0,2012,1982,9,2559.9657994758845,99.009900990099,2.2737367544323206e-13
20,20,1,40,0.0,400.0,2019,1999,9,15864.999446719039,795.175377119041,3961.8039355740457
50,30,40,5,0.02,2000.0,2017,1967,8,2798.8865272604235,126.49530753949169,1117.446053941313
60,10,1,60,0.0,400.0,2008,1948,29,12507.719316256862,1269.9995726063607,3506.9449530086645
60,10,40,1,0.02,800.0,1998,1938,9,52.381274060553174,5.809333454769054,59.128142008561504
40,40,1,20,0.02,50.0,2018,1978,18,793.8587692950966,29.154830324089804,-368.50960380614896
50,20,30,50,0.025,200.0,2006,1956,51,1047.1239318486275,66.8608649384814,836.0123886879504
20,40,30,40,0.005,200.0,2005,1985,47,5864.229495219892,162.63008307141766,4138.823186794796
50,30,40,60,0.02,200.0,2011,1961,42,509.5925460930761,23.098934579130294,1442.9238367056462
50,30,5,30,0.0,1000.0,2007,1957,16,28027.258220893582,974.6348473732435,4768.608273013122
40,5,20,40,0.01,50.0,2003,1963,12,1104.9530338292118,225.6842750613389,1260.6251655632739
30,20,0,40,0.005,2000.0,2016,1986,11,71317.70239963007,3751.6458457945973,20016.280423809185
40,1,0,60,0.02,100.0,2000,1960,12,3150.2269975158606,3150.2269975158606,2693.516280837116
30,5,5,30,0.005,2000.0,2016,1986,27,53521.7290202179,10817.524681108398,15551.537589844747
20,30,30,5,0.02,200.0,2018,1998,17,512.606283611551,22.526782680981587,461.06388173238776
60,1,5,10,0.005,200.0,2003,1943,2,1824.4496121367933,1824.4496121367933,1854.7551230416368
50,20,30,40,0.0,50.0,2005,1955,34,687.9980426382012,35.18234937505644,634.5483898902676
30,30,20,40,0.0,1000.0,1997,1967,27,36846.917136798285,1240.1096002566626,27020.980000782703
40,30,1,5,0.01,200.0,1996,1956,1,959.1964743565186,37.56689925078124,37.963827986961974
30,10,5,20,0.02,100.0,2022,1992,19,1471.3848994168497,160.80383355403214,558.5263451952491
50,5,40,10,0.025,100.0,2009,1959,38,164.10640821350444,34.57976992001214,562.3921402273643
50,40,10,30,0.01,2000.0,2019,1969,37,43031.55098250249,1378.1599942010264,1739.3430448402055
40,30,5,20,0.02,50.0,2015,1975,0,728.9903191213641,32.42522766345889,0.0
40,10,10,20,0.01,200.0,2006,1966,17,3176.8959871196876,333.1783167627914,2391.084500654198
50,20,20,50,0.025,50.0,2015,1965,15,530.5936917846946,33.81453718452918,634.2482063901793
20,30,0,50,0.02,2000.0,2014,1994,44,62216.56733804509,2734.2993708931144,11154.436411330353
20,40,1,10,0.0,200.0,2016,1996,3,1997.3562432095284,50.33445142487589,-249.06915107048735
60,20,20,60,0.01,200.0,2025,1965,45,2286.4867187361574,129.45174400384278,774.7203851807747
50,5,1,5,0.005,100.0,2016,1966,0,487.68264483138853,98.83571396855899,0.0
50,5,30,5,0.005,1000.0,2025,1975,9,3796.7236042007144,769.2408557974223,4033.143432525953
60,40,30,5,0.005,800.0,2025,1965,29,2224.9137671100443,72.72910959235035,2793.7009581783777
40,5,40,10,0.01,2000.0,2010,1970,13,10714.816917408149,2188.4050047092383,12360.499737308846
20,10,40,20,0.02,100.0,2017,1997,47,710.3380933861788,77.60929138925756,1120.756573624203
50,30,20,20,0.02,1000.0,2020,1970,8,9873.565137421174,445.5870000978668,3935.0148960028155
50,1,20,30,0.01,2000.0,2021,1971,1,33804.45788225257,33804.45788225257,34193.457798413074
30,5,40,30,0.02,1000.0,2017,1987,6,8590.959945483835,1787.8945212000995,9692.428926362918
20,10,5,40,0.0,200.0,1998,1978,8,7894.695666093084,790.3583204131263,5729.781572960835
20,5,10,20,0.01,400.0,2016,1996,26,6495.3277399731105,1325.6661059459109,1558.8374501399169
40,20,30,40,0.0,2000.0,1995,1955,29,45353.26000000002,2291.2826875849705,48232.24255830526
50,10,1,60,0.0,100.0,2025,1975,45,4449.917826563324,448.24956364275516,744.9237602294187
20,5,5,20,0.005,200.0,1996,1976,20,3688.4491786661115,745.4345411462447,984.033495030215
30,40,10,50,0.015,100.0,2011,1981,16,2887.581993458614,96.39190243047032,1138.5196172586295
20,5,1,5,0.0,2000.0,2008,1988,2,9992.748905825914,1999.5150242287486,1999.9916320579769
60,5,5,50,0.015,200.0,1999,1939,1,3889.251094689808,806.5056386640625,821.3222293931299
20,1,30,40,0.01,1000.0,1995,1975,14,22756.24415667107,22756.24415667107,26249.852831671877
40,30,20,5,0.0,1000.0,1995,1955,24,4818.78,164.17094317599933,23.696082941351165
20,30,40,20,0.0,2000.0,1996,1976,32,37726.460000000014,1263.5835416616428,38391.00835461845
60,30,0,50,0.0,1000.0,2012,1952,14,32814.806040254625,1204.6117214302758,2975.5357714054844
40,1,40,5,0.005,400.0,2014,1974,23,1429.0118196139908,1429.0118196139908,1656.6062689800654
40,20,40,20,0.02,1000.0,2024,1984,55,5739.608631042832,346.8943168611525,4058.9121286913123
50,5,30,40,0.005,800.0,1999,1949,37,8502.812239391737,1723.9426475222872,7760.275729905313
60,40,1,60,0.01,200.0,2002,1942,39,5100.398873437232,193.99001613266026,681.4803141336932
50,10,0,60,0.005,50.0,2011,1961,25,1931.3553397033124,199.16334965368253,971.9101913682796
50,40,0,10,0.015,1000.0,2011,1961,4,9146.624936081405,321.7513000462917,-2767.685911253905
50,40,10,60,0.02,200.0,1998,1948,54,3697.454334374806,143.06906077799854,686.4635066924208
30,10,1,30,0.005,800.0,2023,1993,26,21936.350421557363,2246.22556052935,3929.1535298892354
60,1,10,5,0.025,800.0,2001,1941,9,2747.6751178144295,2747.6751178144295,3556.30485629057
50,10,10,1,0.01,200.0,2019,1969,10,175.8768029811341,18.527034103879895,198.01980198019803
50,1,30,20,0.01,2000.0,2021,1971,2,19271.20654120851,19271.20654120851,19718.72705634154
30,30,10,10,0.015,2000.0,1998,1968,15,15784.932508367434,653.1049994839864,781.9045680099298
50,40,5,5,0.015,400.0,2004,1954,8,1750.6255602560936,62.090071040980376,-687.2450054287239
50,5,30,5,0.01,50.0,2002,1952,34,150.68216205268,30.850731322995642,49.504950495049506
40,30,0,40,0.01,1000.0,2023,1983,21,32019.089885736106,1247.7930680102759,6149.898576307065
20,10,0,20,0.0,800.0,2001,1981,4,15959.67570813732,1597.7458646797354,3192.949609910296
20,40,30,50,0.0,200.0,2024,2004,46,9106.516315937712,229.4014409286165,6167.658575598001
20,1,1,60,0.005,2000.0,2014,1994,57,100918.09190219498,100918.09190219498,7856.222977492324
20,20,5,60,0.005,800.0,2005,1985,34,39226.25485081113,2060.691845720023,22168.659194822507
60,30,5,20,0.02,200.0,1996,1936,12,2703.3823114309753,131.56431913405493,342.24957715732035
20,5,5,50,0.02,100.0,2005,1985,8,2802.863958408093,583.2718171638481,2984.327836921658
50,5,30,50,0.02,200.0,2024,1974,55,1470.3244150392647,306.7402129657655,801.8479586166645
50,40,40,1,0.025,1000.0,1997,1947,12,223.43996013704916,9.343735120113216,134.60398150338696
60,20,1,10,0.01,400.0,2000,1940,7,3675.8898976612963,211.1672904182981,-932.523182917359
40,20,1,30,0.025,50.0,2001,1961,22,1001.2266224380779,63.24810372159865,393.8872348580899
50,30,10,40,0.015,50.0,2017,1967,22,1092.105347848513,46.308001241663916,591.8195219091886
20,10,10,1,0.025,100.0,2001,1981,5,76.02224472189118,8.483359598096827,45.7406484326644
60,30,30,5,0.025,1000.0,2006,1946,19,1192.2335145031798,60.642961910114735,1620.8603231175869
50,40,40,20,0.025,400.0,2013,1963,36,831.1306353095915,34.19050481343238,2374.3616495641195
60,30,0,1,0.01,400.0,2014,1954,0,396.03960396039605,16.55444344795192,5.684341886080802e-14
40,40,5,20,0.015,400.0,2024,1984,25,6282.810779838169,211.8541158974134,-2816.643263390515
40,10,20,5,0.01,100.0,1995,1955,2,383.3661391680758,40.19176959394822,81.64393068970207
40,1,20,20,0.01,1000.0,2009,1969,30,13969.23577660303,13969.23577660303,9272.485302747735
60,5,5,40,0.005,200.0,2004,1944,29,4801.2465434697315,976.12388132726,1592.4794856690005
30,10,5,50,0.0,100.0,1998,1968,50,4783.9991995597575,479.10171084564297,489.1010969931339
60,20,1,50,0.01,1000.0,2002,1942,51,25494.56224451355,1463.0349243568517,0.0
60,5,30,10,0.01,100.0,2014,1954,10,334.9553739990945,68.72951183483765,383.39777728629826
30,20,30,50,0.01,2000.0,2001,1971,16,42416.937006947126,2336.507453175936,40933.98459143455
30,20,20,50,0.005,200.0,2023,1993,31,7213.615725414191,379.42716680246076,6366.113352649653
30,40,10,60,0.025,2000.0,2010,1980,56,45114.427840119904,1774.9124448949,18857.545338731077
20,20,20,40,0.01,200.0,2014,1994,45,5237.576568025651,288.0487428568859,2731.785136493216
60,10,5,10,0.015,50.0,2005,1945,3,411.94842754429226,44.68583439784741,139.0188983198077
40,20,1,20,0.02,400.0,2003,1963,1,6343.109992901851,383.9286855383954,391.8194337101131
40,30,20,60,0.0,50.0,2009,1969,14,1722.1915303949545,58.54492782721559,827.7945355066486
40,40,5,30,0.02,100.0,2022,1982,7,1982.9209424398523,72.72581497594214,350.92214429928686
60,20,0,40,0.005,800.0,2024,1964,39,24278.539795352357,1314.5500933139972,796.0199004975126
60,10,10,10,0.025,400.0,2017,1957,7,2573.1685185003475,290.59815368015126,2277.8242300034944
50,5,30,1,0.0,200.0,2007,1957,22,175.16562979720442,35.157684776395314,187.14271841517495
30,1,5,20,0.015,800.0,1998,1968,15,12653.881850412012,12653.881850412012,7339.682069802312
60,10,20,30,0.02,100.0,1996,1936,2,658.7777059148209,73.07963798637087,151.3520441679808
20,30,10,60,0.01,100.0,2011,1991,65,3934.9962987329354,151.60989993405656,472.6154290789796
40,1,5,60,0.015,2000.0,2008,1968,0,62759.08146011688,62759.08146011688,0.0
60,30,30,60,0.005,2000.0,1998,1938,88,7264.077639286623,292.3569842411982,1990.0497512437814
60,20,10,20,0.015,800.0,2008,1948,4,10257.69923413636,613.0194873725436,2565.8613385294175
50,30,20,1,0.02,1000.0,1996,1946,18,619.4305255769602,28.275345125669855,638.5308560865852
40,10,30,30,0.015,200.0,2023,1983,59,2563.1990212052324,274.63304308185036,197.04433497536948
20,30,0,10,0.025,100.0,2003,1983,2,874.2825157380228,40.91381154586924,-117.62083996368744
60,40,20,20,0.005,1000.0,2018,1958,9,11474.265305931787,383.32355954685517,3599.7179601883054
50,40,10,5,0.01,50.0,2014,1964,10,214.18663919825528,6.899632381012075,73.8007147117959
60,10,5,1,0.01,400.0,2017,1957,5,371.3728021275871,39.346693801057675,204.53693571276648
20,5,10,10,0.0,1000.0,2016,1996,10,9962.053840891715,1993.3532614712606,9986.466453545245
30,40,0,20,0.02,2000.0,1999,1969,13,32578.546242728647,1184.3895210865996,-11665.640101934545
20,1,5,60,0.02,400.0,2000,1980,9,12301.462333061585,12301.462333061585,13084.987869686916
30,1,1,40,0.0,50.0,2009,1979,12,1965.4493198507287,1965.4493198507287,1423.0562246162838
40,1,1,20,0.02,200.0,2009,1969,11,3173.058135856993,3173.058135856993,1782.4078309436154
30,5,5,1,0.02,800.0,2001,1971,2,709.2816680739924,147.6149176682065,304.28027899340054
30,20,30,1,0.01,50.0,2006,1976,7,35.66430078646699,1.9643912467845142,14.33137624798508
60,20,1,30,0.0,50.0,2012,1952,16,1345.0217342040744,70.05995831086572,391.180589666485
60,40,5,1,0.025,800.0,1998,1938,5,677.8409226732616,32.16980830486865,175.22909238780528
60,5,30,50,0.015,800.0,1999,1939,75,2079.252569617481,431.17013552887755,788.1773399014779
60,40,30,1,0.01,400.0,2024,1964,17,213.50009380791684,7.588937558105607,147.6924109169592
40,1,30,10,0.0,2000.0,1996,1956,0,18188.899999999998,18188.899999999998,0.0
20,40,5,20,0.0,50.0,1997,1977,1,995.7699847963507,25.118042291864835,25.12407351700267
40,10,0,60,0.02,400.0,2025,1985,59,13009.606204881151,1423.98863298521,392.156862745098
60,5,40,30,0.02,2000.0,1995,1935,31,464.97924827788364,97.11091600263863,1665.0653332503753
20,5,5,50,0.025,200.0,2001,1981,29,4939.700748023313,1037.8163754273503,3717.292868964359
60,40,1,5,0.02,200.0,1997,1937,0,914.8174114755932,40.712137344913536,0.0
40,10,10,5,0.02,800.0,2006,1966,2,3055.820005570736,334.58139628924295,689.9690736212992
40,30,5,10,0.015,200.0,2004,1964,5,1697.1790031966525,70.92897167844414,371.7590073289766
20,20,1,5,0.0,2000.0,2005,1985,2,9992.65059275873,500.88635040452897,-998.3418549187809
50,1,10,20,0.015,50.0,2024,1974,7,707.986842343188,707.986842343188,794.9476054193738
50,30,5,5,0.005,1000.0,2022,1972,10,4747.195645280278,175.59085413642669,-3257.8000817236643
30,20,1,40,0.01,800.0,2014,1984,41,25621.158787147768,1411.049896958689,0.0
40,10,10,5,0.0,400.0,2019,1979,8,1977.804175810901,198.39256772108757,1593.0293322491348
50,5,1,1,0.025,50.0,2017,1967,0,47.516964148536125,10.010298264387847,7.105427357601002e-15
30,5,30,1,0.01,100.0,1999,1969,6,71.17792147124604,14.528802305635264,75.70150645795937
60,10,5,20,0.025,200.0,2002,1942,8,2536.840501196097,287.16210098691744,1999.0202975196603
30,1,20,1,0.005,100.0,2000,1970,16,88.94802538349458,88.94802538349458,97.09716098512156
40,40,5,60,0.0,400.0,2018,1978,35,19970.14594866634,514.3480957002896,6320.791645226668
60,5,0,50,0.0,1000.0,2016,1956,43,33400.57375188326,6718.537692082555,3732.30037585334
40,40,1,20,0.0,1000.0,2015,1975,17,19786.003842555805,510.27443724786076,-7411.782414727548
50,5,0,60,0.01,50.0,2023,1973,60,1789.6616515327012,366.207367602726,0.0
50,30,30,50,0.02,800.0,2008,1958,69,5162.0791461957415,234.33398634282557,1198.355662023482
30,1,30,10,0.025,200.0,2020,1990,1,807.5142406794018,807.5142406794018,827.9265751917993
50,10,10,10,0.025,200.0,2020,1970,8,1327.5566000730832,149.0788415196694,1346.6469121661416
20,40,1,10,0.025,2000.0,2023,2003,5,17055.721214750083,666.8287737874563,-4714.718551707894
50,5,30,30,0.0,200.0,2006,1956,15,2769.0981405584375,555.8058110791424,2872.7421246648796
30,20,0,5,0.02,200.0,2011,1981,3,942.1598741907612,56.695573684402746,-435.35370071269114
40,10,10,50,0.025,100.0,2014,1974,59,2006.3315879160123,224.32379159440154,97.56097560975611
20,30,10,60,0.015,1000.0,1995,1975,10,32631.674225422914,1344.1905632078417,14623.40613656579
60,20,10,5,0.005,1000.0,2000,1940,9,4430.925243317759,243.37877128011007,2295.704505655326
30,5,1,60,0.025,50.0,2002,1972,34,1456.9996580656239,306.1412218579976,917.0044883442605
30,30,1,1,0.01,800.0,1996,1966,2,784.0094108420742,30.349193724816597,-738.6007655497659
30,1,5,60,0.005,2000.0,1999,1969,12,93462.6556293475,93462.6556293475,85460.09788505829
30,5,0,30,0.01,1000.0,2007,1977,13,25592.68121561561,5223.90948604397,15425.788657163912
40,1,20,1,0.02,2000.0,2017,1977,10,1286.2467919771866,1286.2467919771866,1581.1185006256605
30,40,1,20,0.02,2000.0,2023,1993,1,31934.37583586402,1157.5876047074266,1181.059723018694
60,1,20,60,0.015,2000.0,2002,1942,25,16025.778606322785,16025.778606322785,19251.837662964062
30,10,20,20,0.02,200.0,2001,1971,7,2136.846431573498,233.54851449880204,1773.4655321225691
40,40,40,10,0.01,800.0,2012,1972,3,4316.713585603115,134.0503683305141,410.74924728885117
40,1,0,40,0.0,200.0,2011,1971,26,7741.0513833197665,7741.0513833197665,2731.0837717183995
40,1,30,60,0.025,1000.0,2004,1964,79,8175.3189738220035,8175.3189738220035,1491.1758873686301
40,1,30,10,0.025,200.0,2021,1981,22,783.9603715369693,783.9603715369693,1388.4406801494156
40,5,30,1,0.01,200.0,2009,1969,8,138.9185761249781,28.37303104731387,151.37772138976212
50,10,1,5,0.02,100.0,2001,1951,4,459.54179583617554,50.599366030491865,-93.50068810839059
30,10,1,10,0.02,400.0,2025,1995,9,3516.8241805438897,384.3400714961601,392.11753516247035
20,10,5,30,0.005,2000.0,2000,1980,18,53826.46697080206,5510.352954696379,32330.72007178021
20,40,40,50,0.01,50.0,2015,1995,39,1037.8042545805934,31.522691213334372,1536.8184885462274
20,30,30,50,0.015,800.0,2023,2003,49,16588.257859898156,683.221698821551,18017.720573006285
20,20,20,5,0.0,2000.0,2017,1997,16,9932.095971027615,497.81471793020404,7983.874465065921
40,10,0,5,0.025,200.0,2015,1975,4,928.1080284799351,103.76844016858165,-389.483476774549
30,5,20,1,0.01,2000.0,2015,1985,16,1604.4850139746377,327.5007687917468,1895.31118283222
20,5,1,10,0.005,2000.0,1995,1975,8,19342.152288460766,3908.2789722095185,5938.875102732383
40,20,1,10,0.015,200.0,2014,1974,0,1810.074106419872,104.8002481842191,0.0
20,30,20,1,0.025,50.0,2024,2004,16,29.601320629956984,1.384907432488663,27.578416659176128
60,40,5,50,0.005,400.0,1998,1938,27,9384.631013270784,335.15384758620405,834.9381386542418
60,10,0,10,0.02,400.0,2010,1950,4,3541.82949442052,392.1568627450979,9.094947017729282e-13
30,20,20,60,0.015,2000.0,2019,1989,6,48936.898667878726,2818.388778250978,17840.453440703604
30,10,0,5,0.02,200.0,1995,1965,1,942.3523758265449,102.97108242045623,-94.9694959311347
30,5,0,50,0.02,400.0,2012,1982,46,12329.051692109824,2565.8767393572516,1512.4256363704685
60,1,40,1,0.0,200.0,2016,1956,3,47.728726807421616,47.728726807421616,48.14105499812647
20,20,5,20,0.02,800.0,1995,1975,9,11803.32193201224,709.2162259020943,3766.1442886184386
30,40,30,10,0.015,400.0,2013,1983,2,2276.3560235721325,75.96812892769846,155.43838352587682
30,5,20,1,0.015,1000.0,2024,1994,6,723.6612323711265,149.15640426483765,792.7005546318369
20,30,0,1,0.025,2000.0,2015,1995,1,1951.2195121951222,91.2977794817256,-1906.859827965644
20,1,5,1,0.025,50.0,2009,1989,5,43.063021534811206,43.063021534811206,48.78048780487806
50,5,10,30,0.02,200.0,2000,1950,32,3298.0173588511816,688.475498388027,1341.2271791271319
60,10,0,30,0.025,2000.0,2004,1944,4,38249.85660338711,4328.634653352676,10203.809585324627
20,20,40,40,0.02,100.0,2019,1999,33,1120.3119831293775,67.32221675679475,2188.705042378277
20,10,5,30,0.005,400.0,2005,1985,11,10766.941651475232,1102.2312495349333,8973.43438828902
60,40,1,30,0.015,50.0,2006,1946,22,1062.320937804377,42.9661350319252,-105.5511413409942
60,40,0,5,0.01,100.0,2010,1950,0,482.40151120910326,17.88917584088971,0.0
20,1,5,50,0.005,2000.0,1999,1979,2,84419.65952859526,84419.65952859526,85307.79336670497
30,30,0,1,0.025,800.0,2002,1972,1,780.4878048780489,36.66098072050682,-762.6363708695749
60,10,10,1,0.005,800.0,1997,1937,11,725.4866973004833,75.43105867809757,0.0
60,5,5,5,0.015,50.0,2004,1944,6,216.4516644590605,44.874359910473004,191.42725549078696
50,20,1,50,0.02,1000.0,2006,1956,46,26630.923216053976,1629.8099405911294,3702.564472199161
30,30,1,5,0.015,400.0,2016,1986,2,1883.168440820737,77.84203354201003,-240.84391894605346
60,5,10,60,0.015,800.0,2022,1962,69,13701.646595690256,2837.304644234817,788.1773399014779
40,10,1,30,0.025,400.0,2002,1962,3,8011.2582958926805,895.8839342585193,2017.0981271542614
30,5,40,30,0.0,50.0,2020,1990,66,1251.4530738486878,250.43194829883316,178.37241379310342
50,1,0,5,0.02,1000.0,2020,1970,0,4698.800981149029,4698.800981149029,0.0
60,20,1,50,0.0,1000.0,2022,1962,37,33309.19156759661,1724.0970786170851,5950.40636086858
60,20,10,10,0.025,800.0,1996,1936,20,5036.862373209202,329.61280712675,0.0
20,20,1,40,0.01,400.0,2014,1994,31,12900.890345769454,709.5047103500842,3766.790151628341
30,40,10,5,0.0,100.0,2014,1984,8,497.70852152965983,12.635163715122955,101.23719579266071
30,10,30,30,0.0,50.0,2007,1977,24,1375.6104531643286,137.75706950554886,1400.5681818181818
60,20,30,30,0.01,800.0,2012,1952,43,3131.0980697197547,178.649796906554,3082.283693048033
20,20,1,50,0.02,800.0,2024,2004,27,24403.1100231161,1466.4105967724997,14956.024875247733
20,20,30,1,0.0,100.0,2020,2000,16,98.73048446805085,4.948473776053655,79.36128627563676
60,40,10,40,0.005,50.0,2004,1944,30,972.0648734966794,34.02942940065365,159.98305021231988
20,5,0,40,0.025,1000.0,2003,1983,24,24936.227399037045,5239.006961699648,12954.33417803911
60,20,5,10,0.02,400.0,2020,1960,13,3155.052890620859,195.48120424359928,-490.1398247218775
20,30,5,30,0.005,200.0,2001,1981,1,5382.82954107404,193.58451932852677,194.59918780153384
50,1,5,5,0.0,200.0,2023,1973,10,988.1835145221485,988.1835145221485,0.0
30,20,40,5,0.025,50.0,1998,1968,15,80.76999372963989,5.073736326992118,93.68922097212116
20,30,30,20,0.025,1000.0,2018,1998,40,7254.585152560689,339.4312339076968,8695.193633477436
40,1,40,30,0.025,2000.0,1996,1956,28,8086.154973443552,8086.154973443552,17094.0557436086
20,1,40,60,0.025,2000.0,2013,1993,52,17549.12880032438,17549.12880032438,38615.577810810486
60,20,20,5,0.02,1000.0,2014,1954,12,2733.9735768286782,169.97519041258528,2394.0326791103935
20,1,20,40,0.02,2000.0,2007,1987,50,35823.04206168571,35823.04206168571,17724.243551179967
50,5,30,1,0.015,2000.0,2013,1963,29,1120.1588366928347,231.5234621999358,1922.1904713962742
20,20,30,40,0.025,400.0,2014,1994,29,4577.486209688266,287.1108374014875,9481.947753138735
60,1,1,1,0.02,100.0,2001,1941,2,95.80297775405236,95.80297775405236,0.0
30,1,0,5,0.025,400.0,2025,1995,1,1857.3219020853294,1857.3219020853294,1504.1634389189098
30,1,5,30,0.02,200.0,2017,1987,22,4010.0806056469173,4010.0806056469173,2249.8121032754243
60,30,1,40,0.015,800.0,2012,1952,26,19142.37380503473,855.3597673545918,4071.031948284766
40,30,10,1,0.0,2000.0,2022,1982,7,1983.8670694864047,67.2604079709514,472.25630333847243
20,30,1,20,0.005,50.0,2019,1999,11,942.133965083338,33.87346952897052,-127.55710650960623
30,20,0,20,0.015,200.0,2019,1989,5,3421.3656853094826,197.04433497536957,-9.094947017729282e-13
20,20,40,20,0.0,2000.0,2005,1985,10,37997.657000961226,1904.650579189335,19073.11912635997
50,5,40,10,0.015,400.0,1998,1948,25,873.9142251484897,180.69091280704848,1396.9145525050062
20,20,30,60,0.005,100.0,2009,1989,63,3559.9838032714088,187.01278359648262,1597.1983523442104
60,1,1,10,0.005,400.0,2021,1961,0,3811.2615893826105,3811.2615893826105,0.0
60,20,20,40,0.0,1000.0,1998,1938,31,11854.636944598195,622.601887886458,7075.128113004177
50,20,5,20,0.01,50.0,2016,1966,2,830.9953535500559,46.47224287091024,94.57178826819859
40,20,0,60,0.01,50.0,2013,1973,34,2032.4965981670769,112.546160286316,943.5317091478353
50,30,10,50,0.01,400.0,1995,1945,37,9484.505424766581,380.16069838553545,3617.345755619464
30,1,5,50,0.01,50.0,2015,1985,10,1809.2457156974635,1809.2457156974635,1750.090147197817
30,1,20,20,0.025,200.0,1997,1967,6,1845.9490792259942,1845.9490792259942,2144.8542711317104
30,10,0,20,0.025,1000.0,2012,1982,18,15533.95042395726,1733.9271814688689,1926.4214609498456
50,20,40,1,0.02,200.0,2016,1966,38,64.16258711734247,3.918135455249679,175.03040608313617
40,1,5,20,0.025,2000.0,2010,1970,24,27115.840036376285,27115.840036376285,1951.2195121951222
40,10,30,40,0.015,400.0,2015,1975,53,5265.543470921612,564.2508599256154,3065.198326576104
40,1,0,5,0.01,800.0,2018,1978,1,3878.298041752065,3878.298041752065,3118.681956037305
50,20,0,10,0.005,2000.0,2023,1973,9,19317.267638806446,1030.4510914850277,-8939.303625452267
30,5,5,50,0.015,1000.0,2022,1992,50,31670.226447736273,6527.66161933882,4727.94677327759
30,40,40,60,0.01,100.0,2011,1981,94,1529.959205322906,46.79751986391117,99.00990099009901
60,20,1,20,0.02,400.0,2002,1942,7,6101.932453816399,381.8783659472856,382.89992748335135
20,5,20,5,0.025,50.0,2011,1991,12,140.78304186062175,29.57787979038945,189.91211998030542
60,40,10,40,0.02,400.0,1996,1936,21,5348.249804434063,238.63193297506203,1819.270154097915
30,10,20,5,0.005,1000.0,2003,1973,5,4390.720618122139,449.63244320077524,2284.278736891018
50,30,30,50,0.025,800.0,2000,1950,69,3972.022554923432,192.44921792892785,1126.6021307663189
30,5,30,60,0.01,1000.0,2023,1993,72,22989.455115320543,4692.438935772439,5582.019375124783
20,20,1,50,0.0,2000.0,1996,1976,21,98346.38000000002,4929.922346478774,58849.83742538178
30,30,5,40,0.0,400.0,2022,1992,42,15683.328311135221,527.0286152696457,1196.8350629510614
30,10,5,30,0.015,50.0,2017,1987,8,1101.3212993012394,117.81427074151922,857.6020075719225
30,40,20,20,0.025,200.0,2010,1980,10,1852.8560311450608,72.89590904117294,838.9104968889601
20,10,10,50,0.01,2000.0,2011,1991,4,69404.98633873134,7263.147213658099,29804.21381548175
50,20,5,20,0.005,800.0,2010,1960,11,14294.795510601953,764.9450041706165,3891.4250924411635
30,10,10,20,0.005,800.0,1998,1968,15,14258.2356827331,1460.1548617220071,11425.20598280912
50,5,30,40,0.01,100.0,2016,1966,47,1023.2871960063499,209.43306465358782,598.1829646883743
20,5,10,30,0.0,2000.0,2003,1983,15,59333.8806074743,11872.528810924614,49563.16778739359
20,40,1,60,0.01,2000.0,1996,1976,10,87026.80931763616,2645.6270327093707,9234.697202087453
60,30,10,1,0.025,200.0,2023,1963,10,147.77010605170474,7.339881610754986,85.90970347382395
60,30,20,30,0.0,200.0,2016,1956,41,2830.7060450333306,103.17647306625263,866.5773748196992
40,30,0,20,0.015,2000.0,2001,1961,4,34002.222893722945,1421.7710801287935,-2282.2944967840012
30,5,30,5,0.0,2000.0,2024,1994,8,9730.540787714945,1947.204038331976,9755.148510861243
30,20,10,60,0.01,50.0,2005,1975,39,1839.3093905607775,101.31063651588104,1128.656556480944
40,20,40,50,0.005,200.0,2014,1974,37,2524.7013022537067,133.54445571375297,3298.600553783644
40,5,1,40,0.025,1000.0,2001,1961,5,23731.323684907587,4989.543027803147,22782.88481804898
20,10,10,60,0.025,50.0,2015,1995,21,1177.9768770643536,131.44669608857646,1365.3036613964066
20,20,0,10,0.015,100.0,2011,1991,5,921.2399956300793,52.98872676142929,-238.29311933068163
60,1,5,50,0.015,100.0,1997,1937,42,1928.840649154041,1928.840649154041,351.8274167670121
60,10,10,50,0.005,100.0,2017,1957,11,2105.0771312035245,218.2014270546197,2211.7505252980154
40,40,0,1,0.015,2000.0,2004,1964,1,1970.4433497536947,66.93720457454977,-1933.1058500942424
60,40,10,40,0.015,800.0,2010,1950,26,12829.261201823228,512.7669927769997,3168.1574903719056
40,20,30,60,0.015,50.0,2011,1971,28,647.4720357445215,37.495764181997906,1030.4284025527215
20,40,30,60,0.005,100.0,2000,1980,72,3472.4725083371177,96.32314698110865,895.5244043639791
30,40,1,1,0.005,1000.0,2011,1981,1,989.7963308965316,27.63979140164801,27.78579708082873
50,20,10,30,0.0,100.0,2008,1958,5,2694.263197777217,137.68391910528203,692.4241902201377
40,1,30,1,0.0,800.0,1997,1957,11,749.4627313656827,749.4627313656827,757.7950653003003
30,5,30,40,0.005,800.0,2015,1985,38,21511.295810486325,4347.764951835688,20559.471964733264
40,40,10,20,0.015,1000.0,2015,1975,2,14427.174947505167,488.0437497721222,998.9955023704479
40,20,30,10,0.015,800.0,2017,1977,31,4412.8692698270515,255.4410842904482,6580.742206184436
30,40,0,20,0.015,50.0,2006,1976,12,855.1801475925695,28.566111119271355,-274.72633848153174
50,1,1,5,0.015,200.0,2010,1960,5,937.4529913656694,937.4529913656694,197.04433497536948
50,5,40,5,0.0,50.0,1997,1947,40,132.47315812667765,26.594677304551,215.4212609325885
30,30,5,1,0.01,50.0,2007,1977,3,47.03093835514152,1.8194766350517386,5.571617431581082
50,5,20,40,0.015,50.0,2021,1971,58,755.5560091253274,156.12686849489094,86.15766872036761
60,40,40,40,0.0,400.0,1998,1938,17,245.32581895033454,8.10142534676525,147.82411616952544
60,30,10,40,0.0,100.0,2020,1960,23,2412.0083029545713,87.3158349252872,818.782044187246
40,10,1,50,0.02,800.0,2002,1962,33,23313.736689154688,2552.763338470992,11015.735147363586
60,20,10,10,0.015,200.0,2012,1952,0,1486.3165010553867,88.61913012689723,0.0
20,30,5,20,0.015,400.0,2017,1997,6,6350.286012198129,261.56960679219844,1255.2119501151583
50,5,5,30,0.025,100.0,2011,1961,2,1751.6262746090551,369.07379508947855,767.9983242687276
20,30,30,20,0.015,200.0,1999,1979,21,2131.831038448985,87.83206441688795,2190.340736645681
30,30,5,10,0.015,1000.0,1999,1969,15,8530.564033622562,352.93380508068327,-4736.9189545277095
60,10,20,30,0.005,200.0,2008,1948,5,2259.7683494292914,234.5995138557923,1202.5800231763808
40,10,30,1,0.025,200.0,2013,1973,17,88.22965223239041,9.86498718966722,137.0152995505898
30,40,1,1,0.02,800.0,2022,1992,1,768.726490812575,27.868766477931278,28.433853031417925
20,1,10,5,0.025,50.0,2021,2001,3,180.92931382296797,180.92931382296797,194.97837812937632
20,5,1,20,0.005,400.0,2009,1989,0,7536.631551765498,1523.1280212746542,0.0
20,1,1,1,0.005,400.0,2001,1981,0,395.93466847075075,395.93466847075075,0.0
40,20,5,5,0.01,50.0,2007,1967,10,229.66286326638482,12.722675312370177,-120.75562523478878
30,1,20,5,0.005,100.0,2021,1991,25,439.86712000837605,439.86712000837605,0.0
40,20,20,30,0.015,2000.0,2016,1976,4,32979.59077490382,1909.1857696801485,7940.667548982659
30,40,5,5,0.025,800.0,2010,1980,4,3277.6677357906424,128.95150250164048,549.2755590887805
20,10,10,60,0.005,100.0,2005,1985,70,4727.062969660926,483.9179678256902,0.0
40,10,20,40,0.005,2000.0,2011,1971,3,54549.76625608612,5596.051261542114,16977.33969786948
40,40,5,30,0.015,800.0,2021,1981,5,17416.366758774737,587.8861756980785,3080.703133685205
40,20,1,40,0.0,400.0,2001,1961,6,15360.66621904657,776.1461841459653,2664.9561370553183
60,5,1,50,0.025,50.0,2000,1940,36,995.2834881731457,210.3712209454299,237.65994068178605
50,1,1,30,0.005,800.0,2004,1954,18,21108.536562924186,21108.536562924186,9681.591420210749
40,10,5,40,0.015,800.0,2010,1970,9,21282.479897741116,2280.789479339441,18952.728405028636
60,20,30,60,0.025,800.0,2018,1958,42,2028.7412059081805,131.24986018479987,3230.9889458750704
50,5,20,1,0.025,100.0,2013,1963,0,56.54892371638513,11.914395947169371,0.0
20,40,30,5,0.0,1000.0,2025,2005,6,4928.107993924336,124.13792054958215,745.4477627264614
50,5,30,20,0.0,200.0,2009,1959,40,2612.605874385979,524.3559809233627,1444.0836568122445
20,1,10,60,0.02,400.0,1997,1977,23,11015.850142244104,11015.850142244104,11615.420904847604
50,1,10,1,0.005,100.0,2014,1964,10,92.7632934302952,92.7632934302952,99.50248756218907
20,30,20,60,0.025,50.0,2016,1996,47,892.3970072266387,41.754933472420376,1020.5245697393419
20,5,40,30,0.01,200.0,2020,2000,20,3275.834244460082,668.5811501549747,4020.069856568035
20,20,40,5,0.005,400.0,1997,1977,29,1557.1426723455768,81.80556804300146,1823.3969988207919
30,1,1,60,0.025,400.0,2004,1974,50,11667.952085728597,11667.952085728597,3575.738877476653
20,20,20,40,0.005,1000.0,2012,1992,53,31804.981441878434,1670.754364474159,6798.173841754883
20,20,30,10,0.02,50.0,2015,1995,24,243.39675541612178,14.62653513480476,394.6522784845435
20,1,30,5,0.01,50.0,2024,2004,19,177.44120766858777,177.44120766858777,215.49551580744458
60,1,1,30,0.015,1000.0,2023,1963,26,21885.164806218392,21885.164806218392,4506.659687326452
60,20,0,5,0.025,2000.0,2017,1957,0,9240.476834746683,598.1481381676452,0.0
50,30,20,30,0.01,100.0,2000,1950,38,1536.174840308559,61.53189886931756,776.3127838084616
20,1,5,50,0.015,800.0,2009,1989,6,25585.3995351499,25585.3995351499,27216.6725456071
30,1,30,50,0.005,200.0,2001,1971,72,5397.980302110183,5397.980302110183,870.138334617701
40,30,10,40,0.015,100.0,2021,1981,36,2443.410420330491,101.80297440564497,1195.4075231195468
50,40,1,1,0.015,200.0,2005,1955,0,193.80328860975112,6.865515450286721,0.0
20,5,5,5,0.01,100.0,2020,2000,9,461.0193909284212,94.09171882000139,99.00990099009901
20,20,20,20,0.01,1000.0,2003,1983,2,14577.303536115242,801.7428237360234,1628.205955376894
50,20,40,1,0.005,100.0,2010,1960,26,56.26842559460813,3.0110434961604455,69.97938569671966
60,10,1,60,0.02,1000.0,2006,1946,27,21938.970269981706,2430.6049636086045,8562.507271040437
30,30,1,60,0.005,400.0,2001,1971,39,19551.344923378005,706.2940637393743,7733.809693405727
50,40,30,5,0.005,2000.0,2007,1957,3,7216.234675811648,214.80117009721792,653.2319796016982
60,20,0,50,0.015,800.0,2021,1961,25,20888.93675192974,1238.9132276269847,8845.616724318634
40,20,1,5,0.025,100.0,2008,1968,1,452.4163540767249,28.566720409989347,29.296480887547602
30,20,30,20,0.0,100.0,1995,1965,45,1873.7579999999998,94.05929311887994,493.08260504293366
30,10,0,20,0.025,200.0,2013,1983,3,3106.8575333612434,346.788958361048,478.4101832297679
20,30,0,20,0.005,50.0,2009,1989,20,947.0669258389407,34.05566452183579,-332.0750848602359
50,10,0,30,0.0,800.0,2017,1967,8,23138.729576694386,2332.433574916222,12368.15842387328
30,5,1,1,0.005,800.0,2000,1970,2,791.8375860186076,160.04490138670081,-477.60367535521317
60,30,10,10,0.025,100.0,2006,1946,9,635.7134973376486,32.3355692788571,336.954635258578
50,20,30,60,0.01,2000.0,1996,1946,83,16978.938614450057,953.513767133097,1980.19801980198
20,40,5,60,0.0,400.0,2022,2002,3,23423.95734835531,590.1263921753581,1771.2108424703474
30,1,5,20,0.015,100.0,1995,1965,4,1582.031818036056,1582.031818036056,1680.6907569039613
60,40,1,5,0.0,2000.0,2015,1955,5,9912.437975179757,308.01903092557455,-6507.375972938698
30,20,0,40,0.015,200.0,2015,1985,26,5905.854699413156,340.15222726069135,2480.368039754815
40,5,0,60,0.005,200.0,2014,1974,15,9266.647163640517,1874.0483964559583,7012.345853672843
30,30,20,40,0.0,400.0,2007,1977,38,14929.413062444215,502.1553090760435,8305.903880534233
20,1,30,40,0.02,100.0,2025,2005,19,1452.4766703158953,1452.4766703158953,2127.0890181978784
50,1,40,10,0.02,200.0,2018,1968,23,454.0939408745506,454.0939408745506,760.8141763162795
20,5,20,5,0.005,400.0,1999,1979,3,1770.4828034465575,357.813469598618,1084.7471290763347
50,30,30,60,0.0,200.0,1998,1948,82,2563.098461600178,89.57577673559184,200.0
40,1,20,1,0.005,1000.0,2008,1968,16,875.5367578579296,875.5367578579296,966.7035470870502
20,40,5,5,0.01,50.0,1995,1975,6,230.54528610152425,7.007232055400588,-6.4362332657795776
30,10,30,1,0.01,100.0,2007,1977,10,71.3502094773734,7.469137540086445,79.09500657708246
20,1,30,1,0.02,2000.0,2006,1986,9,1067.6414544455001,1067.6414544455001,1278.773139126015
40,1,30,30,0.005,2000.0,2013,1973,40,37913.26499577674,37913.26499577674,30276.427846171202
20,30,10,60,0.01,800.0,2002,1982,2,31322.586843875593,1206.964849933005,2451.168764781298
50,40,30,10,0.02,400.0,2019,1969,7,1681.4738029493135,63.60612221300565,485.9513661016954
20,1,40,1,0.025,1000.0,1995,1975,36,351.890620617185,351.890620617185,876.7746898167442
20,1,20,10,0.005,100.0,2011,1991,0,873.024979543043,873.024979543043,0.0
30,20,10,40,0.005,800.0,2017,1987,19,26761.57783650618,1407.7565335612196,20936.041375281537
30,20,20,1,0.015,100.0,2010,1980,20,72.29697999297923,4.164290864117457,98.52216748768474
40,30,5,60,0.02,2000.0,2016,1976,42,55725.29486497382,2478.2088853496944,26308.678814806335
40,40,30,20,0.0,50.0,1998,1958,3,856.3370836002562,22.259014938125972,66.86298437144046
30,1,40,1,0.015,200.0,1996,1966,29,102.09595448515611,102.09595448515611,162.009933684442
60,30,40,30,0.02,100.0,2020,1960,53,54.97291298592106,2.5817474502867674,248.2201392758141
60,5,10,50,0.0,1000.0,2000,1940,42,21318.333147812707,4292.220334217571,3795.5352612886854
20,1,30,50,0.025,800.0,2006,1986,15,9912.531277492557,9912.531277492557,14413.601373684975
30,20,5,20,0.005,400.0,1998,1968,2,7350.186837216506,386.7635546382861,779.6857151348377
40,40,1,10,0.005,200.0,2015,1975,3,1928.7272885339285,54.65121512378652,-235.57359510882088
50,40,40,30,0.02,2000.0,2018,1968,21,5658.978314371134,214.2798944885853,5823.4036503709285
20,1,40,30,0.005,200.0,2000,1980,56,4192.794283508776,4192.794283508776,2563.5964812111947
50,40,5,20,0.0,2000.0,2008,1958,14,38536.90325839859,1045.6083484405342,-3324.3128516725556
40,5,40,20,0.02,50.0,1999,1959,49,247.12875062803442,51.465354711037676,357.0595769898082
20,1,30,10,0.005,400.0,1997,1977,1,3279.878509637587,3279.878509637587,3297.069388795871
60,10,0,5,0.01,100.0,2025,1965,4,482.9091097625176,51.089186749406075,-197.79729484032947
30,40,5,5,0.025,2000.0,2001,1971,6,8193.684015536624,322.69664339350624,114.59949671711547
20,20,20,40,0.015,800.0,2009,1989,50,17281.61827398469,994.0268667644008,7282.533604107081
20,10,5,30,0.0,200.0,2024,2004,3,5959.882106787913,596.623772356381,1790.7121228524938
20,1,0,20,0.01,200.0,2012,1992,15,3600.5637444485737,3600.5637444485737,969.9962150950146
20,40,10,10,0.01,100.0,2021,2001,20,854.228881250319,25.94018197958298,-469.444901242085
20,30,5,1,0.025,50.0,1997,1977,0,43.06136805827815,2.0152994820645125,0.0
40,20,5,1,0.0,2000.0,2019,1979,6,1993.5973584069907,100.59488704968838,-1396.5660982020627
40,20,30,30,0.01,200.0,2007,1967,3,2983.2688930964855,165.2646882327534,506.40887711113965
20,30,40,1,0.0,50.0,2018,1998,13,48.739512705470496,1.6318917111016127,21.253099367921184
30,1,40,20,0.02,800.0,1995,1965,48,5190.442366787676,5190.442366787676,7893.4394109446985
60,20,20,5,0.0,2000.0,2007,1947,7,8419.98830973061,439.9566629623716,3124.8853518716223
50,1,0,5,0.01,200.0,1996,1946,2,967.0528095780766,967.0528095780766,586.9890811969648
30,20,10,60,0.02,200.0,2022,1992,36,5357.410680388665,322.3367617189392,4440.847563584942
20,10,30,50,0.01,100.0,1996,1976,8,2557.809093476004,267.68160014554286,2242.7030895768357
60,30,5,20,0.025,50.0,2008,1948,3,638.824735765087,32.39938657128411,102.78806414855728
60,1,0,10,0.005,400.0,2000,1940,3,3829.4599006844833,3829.4599006844833,2712.1825107462478
40,20,40,20,0.015,800.0,1996,1956,40,4905.477191676403,284.35929140068276,10282.079760825722
60,5,1,10,0.005,800.0,2021,1961,7,7622.523178765221,1548.0088631296205,3142.4764235824155
20,5,20,10,0.015,800.0,2001,1981,20,5428.750745619212,1118.8573585376553,7355.915371000525
30,1,5,20,0.0,2000.0,2009,1979,0,39700.07222824125,39700.07222824125,0.0
60,40,0,5,0.01,400.0,2016,1956,2,1930.3807603922241,70.2583007402,-664.22531823748
50,1,20,60,0.015,400.0,2000,1950,77,5406.612346973005,5406.612346973005,394.08866995073896
20,5,0,50,0.01,2000.0,2013,1993,28,77480.80940535037,15813.60101749391,38793.990104542434
40,5,10,40,0.025,400.0,2023,1983,48,7482.221309446461,1572.9684238338646,762.1231380096516
40,10,0,10,0.025,50.0,2004,1964,7,436.2207181282569,48.78048780487806,0.0
30,40,20,1,0.005,1000.0,2021,1991,20,890.7378836971933,24.83719388782045,527.4703157752624
60,1,30,1,0.0,800.0,2007,1947,20,503.6988422531458,503.6988422531458,576.2256138333942
60,1,10,50,0.01,400.0,2007,1947,55,7067.273129250877,7067.273129250877,828.7800046452493
20,40,30,50,0.01,400.0,2003,1983,20,10371.78759478118,315.2030803694102,7034.989460470543
60,20,30,1,0.02,800.0,2025,1965,4,316.87676317211447,19.57844095488979,82.84481188706803
40,20,10,1,0.01,200.0,2012,1972,2,177.72046070969122,9.841660207220189,19.996469111889297
30,1,5,30,0.02,50.0,2021,1991,31,1002.9180409527966,1002.9180409527966,189.91907394585107
50,40,5,50,0.02,400.0,1996,1946,31,9002.591068866366,349.1178635248684,2019.8863389924832
60,40,10,5,0.02,50.0,1995,1935,8,182.98001240401462,8.15860284092006,72.81050756124372
60,5,10,10,0.01,50.0,2011,1951,12,400.36243477044684,82.16655868266461,372.1887505701407
30,5,30,5,0.0,50.0,2021,1991,13,243.02055819465497,48.63146259357884,244.23719404491547
20,40,1,10,0.0,800.0,2015,1995,9,7989.412531982141,201.34690674947808,-4592.776043001841
30,5,40,50,0.0,800.0,2019,1989,50,22151.27873000573,4432.783907440861,15816.184945955942
50,1,0,1,0.0,2000.0,2012,1962,1,2000.0,2000.0,0.0
30,10,10,50,0.01,50.0,2003,1973,17,1682.803661913925,176.16324986573122,1648.5286047026648
50,30,0,50,0.0,800.0,2004,1954,15,33014.95800183523,1150.0466288320386,5368.264820876302
40,5,30,60,0.02,400.0,2008,1968,40,4117.273295680293,857.3961467719989,5658.343948351733
50,20,10,20,0.01,400.0,2014,1964,13,6202.087831585518,347.0093994220179,3703.058856357732
60,30,10,60,0.005,2000.0,2000,1940,40,38005.34155164041,1524.4102270802048,8306.784862709512
30,10,5,40,0.0,1000.0,2022,1992,25,39208.32077783805,3926.203307524105,19684.874250150733
40,30,1,40,0.005,800.0,2001,1961,31,27697.71417458257,1012.1289239837629,7569.0040634356055
50,5,20,20,0.005,800.0,2025,1975,0,12414.243754960447,2515.206395213472,-1.8189894035458565e-12
60,40,10,30,0.01,50.0,2010,1950,33,868.2738680320849,32.19870490111831,86.32662305278339
30,30,30,50,0.01,200.0,2004,1974,69,4289.035264287215,165.95779558187976,1077.346521741781
60,10,40,30,0.01,50.0,2011,1951,45,31.6575128979269,3.357616182685845,172.7468623572388
60,30,0,30,0.02,400.0,2005,1945,25,8165.975605432148,392.15686274509807,-2.2737367544323206e-13
50,30,10,10,0.015,2000.0,2011,1961,14,15369.216005851902,653.6977114968591,2211.397702099279
20,40,1,60,0.01,2000.0,2022,2002,46,87560.29251491772,2658.8162316905564,27368.26711317843
60,20,30,5,0.0,400.0,2019,1959,27,1238.1682069285976,64.20808683992959,1572.347958354095
40,20,20,50,0.025,50.0,2011,1971,27,678.8473101994724,42.855640715214854,1001.366865969949
50,20,40,20,0.02,50.0,2023,1973,9,149.70078489039,9.12701562174342,91.68929258918114
30,40,40,20,0.01,50.0,2025,1995,1,561.5245584063905,17.143094566875927,17.31922893718604
20,10,0,5,0.015,800.0,2000,1980,4,3824.2677827785656,408.99722886383444,-1575.4303287814632
50,5,20,30,0.02,100.0,1998,1948,15,1109.680664733842,231.66023625132422,1553.771931628075
30,40,30,30,0.015,2000.0,2006,1976,13,28316.57678352099,945.8761188418266,13713.784378362488
20,5,20,20,0.01,400.0,2025,2005,40,5842.402290036549,1192.40228695825,0.0
20,1,1,50,0.01,2000.0,2013,1993,28,76651.87006992195,76651.87006992195,40332.37416915785
60,10,10,60,0.015,800.0,2005,1945,36,12494.42966877859,1355.3250303754614,4150.505950553599
40,30,20,30,0.0,2000.0,2021,1981,9,55554.50609203503,1883.8961567564759,17028.187110273575
40,40,1,10,0.005,1000.0,2025,1985,1,9645.813450479785,272.2251695988182,273.7241528537197
30,5,40,20,0.005,200.0,2011,1981,23,2810.2786311369646,568.0017053732689,3202.355313844843
20,30,5,10,0.02,1000.0,1995,1975,1,8118.208843116157,356.78213854459455,363.91778131548926
20,30,20,50,0.015,200.0,2011,1991,51,4996.528140028547,205.82499489113928,3163.0782658625117
30,30,10,1,0.005,50.0,2007,1977,11,47.1631983438206,1.703174165242845,-30.671680972727007
40,40,30,60,0.005,2000.0,1998,1958,39,37164.43458003871,1060.8906862885801,31141.961501302274
50,5,1,5,0.0,400.0,2025,1975,1,1990.8412125147102,399.36993387968914,399.94202154187906
40,40,30,1,0.015,100.0,1998,1958,7,59.09388109606068,2.012113456870548,15.008096078277468
50,5,1,5,0.01,800.0,2004,1954,2,3823.209567061282,782.7352951027513,791.8095677861161
40,20,0,60,0.025,800.0,2010,1970,42,22926.063191036264,1447.4163790363789,9146.19886143699
40,10,5,5,0.025,200.0,2000,1960,10,816.7506758204521,91.33817043301856,0.0
40,20,1,10,0.02,400.0,1995,1955,10,3509.610405691165,212.4143521068532,-1537.4396661709943
40,30,5,30,0.02,2000.0,1997,1957,24,39358.61089192776,1755.9806161160366,9258.419861286171
60,20,1,5,0.005,50.0,2017,1957,6,242.98260268514773,13.212301470457213,-173.337316372778
40,20,30,20,0.01,800.0,2000,1960,3,9261.718475082926,513.316983872167,1572.964218564649
40,30,0,5,0.005,1000.0,2008,1968,3,4919.971734153536,179.542706165056,-2474.0548266884534
50,5,20,1,0.0,1000.0,2013,1963,3,949.7854598445596,190.60210232165196,573.7857073257392
40,1,20,50,0.005,200.0,1998,1958,27,5393.262425307783,5393.262425307783,5061.718032327802
30,5,10,50,0.02,200.0,2023,1993,12,4985.646009779568,1037.5744519007344,5946.447878518414
60,5,10,5,0.02,200.0,2021,1961,1,741.7461098234987,155.09718511592476,158.62179699581225
40,1,40,20,0.02,2000.0,2009,1969,3,10569.339496777835,10569.339496777835,11236.244478637542
30,5,40,60,0.01,2000.0,1998,1968,68,28570.338897687874,5831.809066507505,11502.530184950238
30,5,1,20,0.01,100.0,2002,1972,2,1778.5972325622647,363.04512041649355,637.3133383279051
60,10,0,30,0.025,200.0,2020,1960,18,3912.8650424793605,441.66247022437693,1898.9951516112387
50,5,0,10,0.025,1000.0,2018,1968,9,8686.463059531343,1829.9021653304192,975.6097560975611
30,5,40,30,0.005,100.0,2021,1991,3,1917.366811831004,387.52489082631206,1174.9091326928353
20,30,0,5,0.025,200.0,2016,1996,2,928.7372642475184,43.45528096573298,-314.9160606284538
20,5,30,1,0.015,200.0,2003,1983,30,124.30357360920819,25.618680929735852,197.04433497536948
50,20,5,20,0.02,50.0,1998,1948,15,712.2376465812254,43.65320079477077,231.77675153335608
50,1,30,30,0.005,1000.0,2025,1975,25,13381.747897579398,13381.747897579398,16137.283177580006
50,40,0,5,0.01,800.0,2025,1975,4,3871.1811382569936,123.17821019597247,-2754.1526896608384
40,1,0,5,0.015,200.0,1998,1958,4,955.3473278309174,955.3473278309174,197.04433497536948
60,10,40,40,0.02,2000.0,1996,1936,61,480.77144215755044,53.333017543860365,3883.121876201461
60,40,20,50,0.025,1000.0,2022,1962,59,7199.175355669908,321.56611446027097,1488.1252002013455
30,30,5,50,0.02,2000.0,2011,1981,26,55351.39654869887,2441.3192456882944,32844.408014602945
20,20,10,30,0.02,1000.0,1995,1975,17,18187.06447475009,1092.790766982101,14925.270595450042
50,30,30,50,0.025,2000.0,2011,1961,20,10926.415667986761,526.742602349958,14268.036632016094
40,30,0,50,0.015,2000.0,1997,1957,46,65976.01752713873,2760.5613150772742,7346.719822003084
40,20,20,30,0.025,100.0,2016,1976,49,1185.9674919257723,74.84434189744675,97.56097560975611
30,5,10,40,0.025,1000.0,2018,1988,22,19153.48888385569,4024.4118341737535,19541.40916108803
50,5,10,5,0.0,1000.0,2018,1968,8,4880.569795951449,979.282921980106,4952.675679843725
20,1,0,40,0.005,100.0,2020,2000,35,3590.450374003319,3590.450374003319,491.3512103577891
50,5,20,5,0.025,50.0,2016,1966,13,133.7748546267905,28.182769622067074,189.51337210475364
50,10,1,50,0.015,400.0,2003,1953,17,11683.097078825092,1259.1219986437543,8378.079223446766
40,5,1,10,0.0,2000.0,1998,1958,1,19913.07655349135,3987.620591990667,3989.857058951964
20,40,10,10,0.01,50.0,2001,1981,5,427.04035578156254,12.979113889327794,66.91863933115849
60,1,5,50,0.025,400.0,1998,1938,18,6460.2013576867475,6460.2013576867475,4883.7046759554705
30,20,5,40,0.015,2000.0,2003,1973,44,54351.66010143636,3130.962871425255,1970.4433497536947
40,30,20,50,0.01,1000.0,2002,1962,34,22711.271940626182,888.560074997776,19125.53825427391
50,1,10,50,0.005,2000.0,2005,1955,13,56493.06830433274,56493.06830433274,56104.44013619239
30,20,20,60,0.005,2000.0,2008,1978,10,72762.94245734479,3828.1413090654414,39433.706321875936
60,10,20,40,0.0,100.0,2014,1954,19,1393.1301881928325,141.31052819855188,1547.771693055015
20,1,1,5,0.0,200.0,2008,1988,1,999.2748905825914,999.2748905825914,999.5151418009877
30,1,0,5,0.01,800.0,2018,1988,3,3880.5529757087484,3880.5529757087484,1576.0796273930118
50,40,1,50,0.025,400.0,2020,1970,7,9941.601987458054,406.24503453514717,594.275957029924
60,20,1,1,0.02,400.0,2001,1941,1,383.21191101620946,23.994728749095476,24.554814916143926
60,10,0,10,0.0,800.0,2018,1958,9,7892.687459348965,800.0,0.0
50,30,5,40,0.0,400.0,2010,1960,1,14015.376526732993,486.53505220458953,487.33328070368407
60,40,20,30,0.015,400.0,2005,1945,31,3292.3406953571694,133.55569612780886,1968.244493485183
50,30,40,1,0.02,1000.0,2005,1955,11,293.971467454264,13.364298060703561,168.45402081085754
20,40,40,30,0.01,1000.0,2012,1992,50,16239.312191858733,493.3254922605116,17374.46301771714
40,5,0,10,0.015,200.0,2008,1968,3,1838.6020540061963,379.19977227498987,563.7246834615618
60,10,30,20,0.01,800.0,1999,1939,11,2471.4001928498033,262.5728999729587,2895.034073257925
30,30,1,20,0.02,800.0,2005,1975,1,12769.71818727871,563.3886369744469,574.8177329490663
20,20,20,20,0.0,200.0,2020,2000,8,3947.5354096249794,197.8545487730663,1584.5553385713388
20,1,30,1,0.015,2000.0,2013,1993,13,1243.96474558786,1243.96474558786,1514.6103119519755
30,1,1,60,0.0,50.0,2019,1989,25,2877.7269030334073,2877.7269030334073,1715.1401792741137
30,30,10,60,0.01,800.0,2021,1991,32,30112.275667343194,1164.0336389957183,22700.302616871435
60,40,5,10,0.015,50.0,2020,1960,10,414.9000327031869,16.112157776676057,-82.1358155842245
40,20,20,30,0.025,2000.0,2024,1984,31,23959.96454145098,1511.2345665917444,28694.52963636846
50,5,0,20,0.025,50.0,2009,1959,4,764.4309276409667,161.07747336213293,480.23597253579743
40,1,30,50,0.02,800.0,1998,1958,42,7817.175256832887,7817.175256832887,9731.555454100508
20,10,10,40,0.0,1000.0,2006,1986,44,39304.98783333167,3934.821203910046,5968.871999335493
60,40,1,20,0.015,200.0,1996,1936,6,3204.2433158406006,133.40189018849395,-187.62349526201206
40,20,40,30,0.01,800.0,2017,1977,30,7976.840562895621,441.5681548876133,11301.71683446841
40,5,40,50,0.005,200.0,1999,1959,83,2208.928520454307,446.7588692104836,199.00497512437815
20,5,5,30,0.005,400.0,2016,1996,29,10770.701963866719,2176.705559176405,2351.9497028042
20,1,0,60,0.015,400.0,2018,1998,35,15517.6051506222,15517.6051506222,8140.705189487583
40,10,5,40,0.01,400.0,2018,1978,4,12010.19434076796,1259.3373548409752,5173.053920040265
30,1,40,5,0.02,100.0,2001,1971,27,199.8654743445774,199.8654743445774,349.5623456060885
60,5,1,60,0.005,100.0,2016,1956,5,2952.804862623362,599.8800170345769,2666.2450894108333
60,40,30,10,0.0,200.0,2002,1942,39,793.4866796092822,25.83536974427268,174.16463025572733
30,5,10,5,0.0,800.0,2025,1995,4,3982.4182013860254,796.92770938836,3190.021982479364
60,10,5,1,0.01,400.0,2013,1953,1,371.1010201226712,39.345681260936225,39.856216041943696
20,10,0,5,0.015,2000.0,2010,1990,0,9560.75921128881,1022.4788397377177,0.0
60,20,30,5,0.015,50.0,2012,1952,7,88.14036136245709,5.255221312193627,39.608839786152224
60,1,20,5,0.02,400.0,2024,1964,16,1125.8906208985336,1125.8906208985336,1644.9202450661296
30,1,20,20,0.0,800.0,1997,1967,9,15493.14608090265,15493.14608090265,15542.273420566748
20,40,10,60,0.025,2000.0,2009,1989,30,47016.29539794172,1839.081581655852,32084.305857387673
50,1,30,10,0.0,100.0,1998,1948,0,770.9850171490468,770.9850171490468,0.0
